{"accuracy": [0.8967351913452148, 0.9289138913154602], "loss": [0.3194164037704468, 0.21620836853981018], "val_accuracy": [0.9104825854301453, 0.9368882179260254], "val_loss": [0.28500601649284363, 0.1951798051595688]}